tabla,atributo,tipo_dato,descripcion,nulos,no_nulos,valores_distintos,ejemplo_valor,comparable_2022_2024
resumen_matricula_2022,AGNO,Int64,Anio del registro.,0,16601,1,2022,1
resumen_matricula_2022,COD_COM_RBD,int64,Codigo de comuna del establecimiento.,0,16601,346,15101,1
resumen_matricula_2022,COD_DEPE,int64,Codigo de dependencia administrativa (nivel general).,0,16601,6,6,1
resumen_matricula_2022,COD_DEPE2,string,Codigo de dependencia administrativa (clasificacion oficial).,0,16601,5,5,1
resumen_matricula_2022,COD_DEPROV_RBD,int64,Codigo del departamento provincial de educacion.,0,16601,42,151,1
resumen_matricula_2022,COD_PRO_RBD,int64,Codigo de provincia del establecimiento.,0,16601,56,151,1
resumen_matricula_2022,COD_REG_RBD,int64,Codigo de region del establecimiento.,0,16601,16,15,1
resumen_matricula_2022,CUR_COMB_01,int64,Cantidad de cursos combinados en subcategoria especifica.,0,16601,3,0,1
resumen_matricula_2022,CUR_COMB_02,int64,Cantidad de cursos combinados en subcategoria especifica.,0,16601,6,0,1
resumen_matricula_2022,CUR_COMB_TOT,int64,Cantidad de cursos combinados en subcategoria especifica.,0,16601,7,0,1
resumen_matricula_2022,CUR_SIM_01,int64,Cantidad de cursos simples en subcategoria especifica.,0,16601,20,0,1
resumen_matricula_2022,CUR_SIM_02,int64,Cantidad de cursos simples en subcategoria especifica.,0,16601,55,0,1
resumen_matricula_2022,CUR_SIM_03,int64,Cantidad de cursos simples en subcategoria especifica.,0,16601,17,0,1
resumen_matricula_2022,CUR_SIM_04,int64,Cantidad de cursos simples en subcategoria especifica.,0,16601,33,0,1
resumen_matricula_2022,CUR_SIM_05,int64,Cantidad de cursos simples en subcategoria especifica.,0,16601,43,0,1
resumen_matricula_2022,CUR_SIM_06,int64,Cantidad de cursos simples en subcategoria especifica.,0,16601,28,0,1
resumen_matricula_2022,CUR_SIM_07,int64,Cantidad de cursos simples en subcategoria especifica.,0,16601,43,20,1
resumen_matricula_2022,CUR_SIM_08,int64,Cantidad de cursos simples en subcategoria especifica.,0,16601,17,16,1
resumen_matricula_2022,CUR_SIM_TOT,int64,Cantidad de cursos simples en subcategoria especifica.,0,16601,87,36,1
resumen_matricula_2022,DGV_RBD,string,Digito verificador del RBD.,0,16601,10,9,1
resumen_matricula_2022,ESTADO_ESTAB,string,Estado del establecimiento (funcionamiento/receso/cerrado u otro).,0,16601,4,1,1
resumen_matricula_2022,MAT_ENS_1,int64,Metrica de matricula en subcategoria especifica del dataset.,0,16601,296,0,1
resumen_matricula_2022,MAT_ENS_2,int64,Metrica de matricula en subcategoria especifica del dataset.,0,16601,1012,0,1
resumen_matricula_2022,MAT_ENS_3,int64,Metrica de matricula en subcategoria especifica del dataset.,0,16601,109,0,1
resumen_matricula_2022,MAT_ENS_4,int64,Metrica de matricula en subcategoria especifica del dataset.,0,16601,245,0,1
resumen_matricula_2022,MAT_ENS_5,int64,Metrica de matricula en subcategoria especifica del dataset.,0,16601,659,0,1
resumen_matricula_2022,MAT_ENS_6,int64,Metrica de matricula en subcategoria especifica del dataset.,0,16601,280,0,1
resumen_matricula_2022,MAT_ENS_7,int64,Metrica de matricula en subcategoria especifica del dataset.,0,16601,471,488,1
resumen_matricula_2022,MAT_ENS_8,int64,Metrica de matricula en subcategoria especifica del dataset.,0,16601,67,179,1
resumen_matricula_2022,MAT_HOM_1,int64,Metrica de matricula en subcategoria especifica del dataset.,0,16601,173,0,1
resumen_matricula_2022,MAT_HOM_2,int64,Metrica de matricula en subcategoria especifica del dataset.,0,16601,636,0,1
resumen_matricula_2022,MAT_HOM_3,int64,Metrica de matricula en subcategoria especifica del dataset.,0,16601,79,0,1
resumen_matricula_2022,MAT_HOM_4,int64,Metrica de matricula en subcategoria especifica del dataset.,0,16601,162,0,1
resumen_matricula_2022,MAT_HOM_5,int64,Metrica de matricula en subcategoria especifica del dataset.,0,16601,413,0,1
resumen_matricula_2022,MAT_HOM_6,int64,Metrica de matricula en subcategoria especifica del dataset.,0,16601,187,0,1
resumen_matricula_2022,MAT_HOM_7,int64,Metrica de matricula en subcategoria especifica del dataset.,0,16601,338,317,1
resumen_matricula_2022,MAT_HOM_8,int64,Metrica de matricula en subcategoria especifica del dataset.,0,16601,58,83,1
resumen_matricula_2022,MAT_HOM_TOT,int64,Metrica de matricula en subcategoria especifica del dataset.,0,16601,918,400,1
resumen_matricula_2022,MAT_MUJ_1,int64,Metrica de matricula en subcategoria especifica del dataset.,0,16601,178,0,1
resumen_matricula_2022,MAT_MUJ_2,int64,Metrica de matricula en subcategoria especifica del dataset.,0,16601,623,0,1
resumen_matricula_2022,MAT_MUJ_3,int64,Metrica de matricula en subcategoria especifica del dataset.,0,16601,62,0,1
resumen_matricula_2022,MAT_MUJ_4,int64,Metrica de matricula en subcategoria especifica del dataset.,0,16601,128,0,1
resumen_matricula_2022,MAT_MUJ_5,int64,Metrica de matricula en subcategoria especifica del dataset.,0,16601,418,0,1
resumen_matricula_2022,MAT_MUJ_6,int64,Metrica de matricula en subcategoria especifica del dataset.,0,16601,182,0,1
resumen_matricula_2022,MAT_MUJ_7,int64,Metrica de matricula en subcategoria especifica del dataset.,0,16601,312,171,1
resumen_matricula_2022,MAT_MUJ_8,int64,Metrica de matricula en subcategoria especifica del dataset.,0,16601,50,96,1
resumen_matricula_2022,MAT_MUJ_TOT,int64,Metrica de matricula en subcategoria especifica del dataset.,0,16601,930,267,1
resumen_matricula_2022,MAT_SI_1,int64,Metrica de matricula en subcategoria especifica del dataset.,0,16601,2,0,1
resumen_matricula_2022,MAT_SI_2,int64,Metrica de matricula en subcategoria especifica del dataset.,0,16601,2,0,1
resumen_matricula_2022,MAT_SI_4,float64,Metrica de matricula en subcategoria especifica del dataset.,5381,11220,2,0.0,1
resumen_matricula_2022,MAT_SI_5,float64,Metrica de matricula en subcategoria especifica del dataset.,5381,11220,2,0.0,1
resumen_matricula_2022,MAT_SI_TOT,int64,Metrica de matricula en subcategoria especifica del dataset.,0,16601,2,0,1
resumen_matricula_2022,MAT_TOTAL,int64,Matricula total de estudiantes del establecimiento.,0,16601,1491,667,1
resumen_matricula_2022,NOM_COM_RBD,string,Nombre de comuna del establecimiento.,0,16601,346,ARICA,1
resumen_matricula_2022,NOM_DEPROV_RBD,string,Nombre del departamento provincial de educacion.,0,16601,42,ARICA,1
resumen_matricula_2022,NOM_RBD,string,Nombre del establecimiento educacional.,30,16571,15193,LICEO POLITECNICO ARICA,1
resumen_matricula_2022,NOM_REG_RBD_A,string,Nombre/abreviatura de region del establecimiento.,0,16601,16,AYP,1
resumen_matricula_2022,RBD,int64,Rol Base de Datos del establecimiento educacional.,0,16601,16601,1,1
resumen_matricula_2022,RURAL_RBD,string,Indicador de ruralidad del establecimiento.,0,16601,2,0,1
resumen_matricula_2023,AGNO,Int64,Anio del registro.,0,16659,1,2023,1
resumen_matricula_2023,COD_COM_RBD,int64,Codigo de comuna del establecimiento.,0,16659,346,15101,1
resumen_matricula_2023,COD_DEPE,int64,Codigo de dependencia administrativa (nivel general).,0,16659,6,6,1
resumen_matricula_2023,COD_DEPE2,string,Codigo de dependencia administrativa (clasificacion oficial).,0,16659,5,5,1
resumen_matricula_2023,COD_DEPROV_RBD,int64,Codigo del departamento provincial de educacion.,0,16659,42,151,1
resumen_matricula_2023,COD_PRO_RBD,int64,Codigo de provincia del establecimiento.,0,16659,56,151,1
resumen_matricula_2023,COD_REG_RBD,int64,Codigo de region del establecimiento.,0,16659,16,15,1
resumen_matricula_2023,CUR_COMB_01,int64,Cantidad de cursos combinados en subcategoria especifica.,0,16659,3,0,1
resumen_matricula_2023,CUR_COMB_02,int64,Cantidad de cursos combinados en subcategoria especifica.,0,16659,6,0,1
resumen_matricula_2023,CUR_COMB_TOT,int64,Cantidad de cursos combinados en subcategoria especifica.,0,16659,7,0,1
resumen_matricula_2023,CUR_SIM_01,int64,Cantidad de cursos simples en subcategoria especifica.,0,16659,19,0,1
resumen_matricula_2023,CUR_SIM_02,int64,Cantidad de cursos simples en subcategoria especifica.,0,16659,52,0,1
resumen_matricula_2023,CUR_SIM_03,int64,Cantidad de cursos simples en subcategoria especifica.,0,16659,16,0,1
resumen_matricula_2023,CUR_SIM_04,int64,Cantidad de cursos simples en subcategoria especifica.,0,16659,35,0,1
resumen_matricula_2023,CUR_SIM_05,int64,Cantidad de cursos simples en subcategoria especifica.,0,16659,45,0,1
resumen_matricula_2023,CUR_SIM_06,int64,Cantidad de cursos simples en subcategoria especifica.,0,16659,30,0,1
resumen_matricula_2023,CUR_SIM_07,int64,Cantidad de cursos simples en subcategoria especifica.,0,16659,41,23,1
resumen_matricula_2023,CUR_SIM_08,int64,Cantidad de cursos simples en subcategoria especifica.,0,16659,17,16,1
resumen_matricula_2023,CUR_SIM_TOT,int64,Cantidad de cursos simples en subcategoria especifica.,0,16659,90,39,1
resumen_matricula_2023,DGV_RBD,string,Digito verificador del RBD.,0,16659,10,9,1
resumen_matricula_2023,ESTADO_ESTAB,string,Estado del establecimiento (funcionamiento/receso/cerrado u otro).,0,16659,4,1,1
resumen_matricula_2023,MAT_ENS_1,int64,Metrica de matricula en subcategoria especifica del dataset.,0,16659,288,0,1
resumen_matricula_2023,MAT_ENS_2,int64,Metrica de matricula en subcategoria especifica del dataset.,0,16659,1021,0,1
resumen_matricula_2023,MAT_ENS_3,int64,Metrica de matricula en subcategoria especifica del dataset.,0,16659,111,0,1
resumen_matricula_2023,MAT_ENS_4,int64,Metrica de matricula en subcategoria especifica del dataset.,0,16659,244,0,1
resumen_matricula_2023,MAT_ENS_5,int64,Metrica de matricula en subcategoria especifica del dataset.,0,16659,664,0,1
resumen_matricula_2023,MAT_ENS_6,int64,Metrica de matricula en subcategoria especifica del dataset.,0,16659,267,0,1
resumen_matricula_2023,MAT_ENS_7,int64,Metrica de matricula en subcategoria especifica del dataset.,0,16659,470,594,1
resumen_matricula_2023,MAT_ENS_8,int64,Metrica de matricula en subcategoria especifica del dataset.,0,16659,66,193,1
resumen_matricula_2023,MAT_HOM_1,int64,Metrica de matricula en subcategoria especifica del dataset.,0,16659,167,0,1
resumen_matricula_2023,MAT_HOM_2,int64,Metrica de matricula en subcategoria especifica del dataset.,0,16659,627,0,1
resumen_matricula_2023,MAT_HOM_3,int64,Metrica de matricula en subcategoria especifica del dataset.,0,16659,76,0,1
resumen_matricula_2023,MAT_HOM_4,int64,Metrica de matricula en subcategoria especifica del dataset.,0,16659,168,0,1
resumen_matricula_2023,MAT_HOM_5,int64,Metrica de matricula en subcategoria especifica del dataset.,0,16659,418,0,1
resumen_matricula_2023,MAT_HOM_6,int64,Metrica de matricula en subcategoria especifica del dataset.,0,16659,187,0,1
resumen_matricula_2023,MAT_HOM_7,int64,Metrica de matricula en subcategoria especifica del dataset.,0,16659,339,376,1
resumen_matricula_2023,MAT_HOM_8,int64,Metrica de matricula en subcategoria especifica del dataset.,0,16659,54,97,1
resumen_matricula_2023,MAT_HOM_TOT,int64,Metrica de matricula en subcategoria especifica del dataset.,0,16659,897,473,1
resumen_matricula_2023,MAT_MUJ_1,int64,Metrica de matricula en subcategoria especifica del dataset.,0,16659,172,0,1
resumen_matricula_2023,MAT_MUJ_2,int64,Metrica de matricula en subcategoria especifica del dataset.,0,16659,610,0,1
resumen_matricula_2023,MAT_MUJ_3,int64,Metrica de matricula en subcategoria especifica del dataset.,0,16659,64,0,1
resumen_matricula_2023,MAT_MUJ_4,int64,Metrica de matricula en subcategoria especifica del dataset.,0,16659,123,0,1
resumen_matricula_2023,MAT_MUJ_5,int64,Metrica de matricula en subcategoria especifica del dataset.,0,16659,423,0,1
resumen_matricula_2023,MAT_MUJ_6,int64,Metrica de matricula en subcategoria especifica del dataset.,0,16659,178,0,1
resumen_matricula_2023,MAT_MUJ_7,int64,Metrica de matricula en subcategoria especifica del dataset.,0,16659,301,218,1
resumen_matricula_2023,MAT_MUJ_8,int64,Metrica de matricula en subcategoria especifica del dataset.,0,16659,50,96,1
resumen_matricula_2023,MAT_MUJ_TOT,int64,Metrica de matricula en subcategoria especifica del dataset.,0,16659,912,314,1
resumen_matricula_2023,MAT_SI_1,int64,Metrica de matricula en subcategoria especifica del dataset.,0,16659,2,0,1
resumen_matricula_2023,MAT_SI_2,int64,Metrica de matricula en subcategoria especifica del dataset.,0,16659,2,0,1
resumen_matricula_2023,MAT_SI_3,int64,Metrica de matricula en subcategoria especifica del dataset.,0,16659,2,0,0
resumen_matricula_2023,MAT_SI_4,int64,Metrica de matricula en subcategoria especifica del dataset.,0,16659,2,0,1
resumen_matricula_2023,MAT_SI_5,int64,Metrica de matricula en subcategoria especifica del dataset.,0,16659,2,0,1
resumen_matricula_2023,MAT_SI_TOT,int64,Metrica de matricula en subcategoria especifica del dataset.,0,16659,2,0,1
resumen_matricula_2023,MAT_TOTAL,int64,Matricula total de estudiantes del establecimiento.,0,16659,1478,787,1
resumen_matricula_2023,NOM_COM_RBD,string,Nombre de comuna del establecimiento.,0,16659,346,ARICA,1
resumen_matricula_2023,NOM_DEPROV_RBD,string,Nombre del departamento provincial de educacion.,0,16659,42,ARICA,1
resumen_matricula_2023,NOM_RBD,string,Nombre del establecimiento educacional.,0,16659,15257,LICEO POLITECNICO ARICA,1
resumen_matricula_2023,NOM_REG_RBD_A,string,Nombre/abreviatura de region del establecimiento.,0,16659,16,AYP,1
resumen_matricula_2023,RBD,int64,Rol Base de Datos del establecimiento educacional.,0,16659,16659,1,1
resumen_matricula_2023,RURAL_RBD,string,Indicador de ruralidad del establecimiento.,0,16659,2,0,1
resumen_matricula_2024,AGNO,Int64,Anio del registro.,0,16694,1,2024,1
resumen_matricula_2024,COD_COM_RBD,int64,Codigo de comuna del establecimiento.,0,16694,346,15101,1
resumen_matricula_2024,COD_DEPE,int64,Codigo de dependencia administrativa (nivel general).,0,16694,6,6,1
resumen_matricula_2024,COD_DEPE2,string,Codigo de dependencia administrativa (clasificacion oficial).,0,16694,5,5,1
resumen_matricula_2024,COD_DEPROV_RBD,int64,Codigo del departamento provincial de educacion.,0,16694,42,151,1
resumen_matricula_2024,COD_PRO_RBD,int64,Codigo de provincia del establecimiento.,0,16694,56,151,1
resumen_matricula_2024,COD_REG_RBD,int64,Codigo de region del establecimiento.,0,16694,16,15,1
resumen_matricula_2024,CUR_COMB_01,int64,Cantidad de cursos combinados en subcategoria especifica.,0,16694,3,0,1
resumen_matricula_2024,CUR_COMB_02,int64,Cantidad de cursos combinados en subcategoria especifica.,0,16694,6,0,1
resumen_matricula_2024,CUR_COMB_TOT,int64,Cantidad de cursos combinados en subcategoria especifica.,0,16694,7,0,1
resumen_matricula_2024,CUR_SIM_01,int64,Cantidad de cursos simples en subcategoria especifica.,0,16694,18,0,1
resumen_matricula_2024,CUR_SIM_02,int64,Cantidad de cursos simples en subcategoria especifica.,0,16694,52,0,1
resumen_matricula_2024,CUR_SIM_03,int64,Cantidad de cursos simples en subcategoria especifica.,0,16694,15,0,1
resumen_matricula_2024,CUR_SIM_04,int64,Cantidad de cursos simples en subcategoria especifica.,0,16694,33,0,1
resumen_matricula_2024,CUR_SIM_05,int64,Cantidad de cursos simples en subcategoria especifica.,0,16694,42,0,1
resumen_matricula_2024,CUR_SIM_06,int64,Cantidad de cursos simples en subcategoria especifica.,0,16694,28,0,1
resumen_matricula_2024,CUR_SIM_07,int64,Cantidad de cursos simples en subcategoria especifica.,0,16694,40,25,1
resumen_matricula_2024,CUR_SIM_08,int64,Cantidad de cursos simples en subcategoria especifica.,0,16694,16,15,1
resumen_matricula_2024,CUR_SIM_TOT,int64,Cantidad de cursos simples en subcategoria especifica.,0,16694,88,40,1
resumen_matricula_2024,DGV_RBD,string,Digito verificador del RBD.,0,16694,10,9,1
resumen_matricula_2024,ESTADO_ESTAB,string,Estado del establecimiento (funcionamiento/receso/cerrado u otro).,0,16694,4,1,1
resumen_matricula_2024,MAT_CHI,int64,Metrica de matricula en subcategoria especifica del dataset.,0,16694,1404,606,0
resumen_matricula_2024,MAT_ENS_1,int64,Metrica de matricula en subcategoria especifica del dataset.,0,16694,281,0,1
resumen_matricula_2024,MAT_ENS_2,int64,Metrica de matricula en subcategoria especifica del dataset.,0,16694,993,0,1
resumen_matricula_2024,MAT_ENS_3,int64,Metrica de matricula en subcategoria especifica del dataset.,0,16694,107,0,1
resumen_matricula_2024,MAT_ENS_4,int64,Metrica de matricula en subcategoria especifica del dataset.,0,16694,238,0,1
resumen_matricula_2024,MAT_ENS_5,int64,Metrica de matricula en subcategoria especifica del dataset.,0,16694,670,0,1
resumen_matricula_2024,MAT_ENS_6,int64,Metrica de matricula en subcategoria especifica del dataset.,0,16694,264,0,1
resumen_matricula_2024,MAT_ENS_7,int64,Metrica de matricula en subcategoria especifica del dataset.,0,16694,473,622,1
resumen_matricula_2024,MAT_ENS_8,int64,Metrica de matricula en subcategoria especifica del dataset.,0,16694,67,218,1
resumen_matricula_2024,MAT_ETNIA,int64,Metrica de matricula en subcategoria especifica del dataset.,0,16694,301,255,0
resumen_matricula_2024,MAT_EXT,int64,Metrica de matricula en subcategoria especifica del dataset.,0,16694,375,231,0
resumen_matricula_2024,MAT_HOM_1,int64,Metrica de matricula en subcategoria especifica del dataset.,0,16694,162,0,1
resumen_matricula_2024,MAT_HOM_2,int64,Metrica de matricula en subcategoria especifica del dataset.,0,16694,620,0,1
resumen_matricula_2024,MAT_HOM_3,int64,Metrica de matricula en subcategoria especifica del dataset.,0,16694,77,0,1
resumen_matricula_2024,MAT_HOM_4,int64,Metrica de matricula en subcategoria especifica del dataset.,0,16694,159,0,1
resumen_matricula_2024,MAT_HOM_5,int64,Metrica de matricula en subcategoria especifica del dataset.,0,16694,412,0,1
resumen_matricula_2024,MAT_HOM_6,int64,Metrica de matricula en subcategoria especifica del dataset.,0,16694,182,0,1
resumen_matricula_2024,MAT_HOM_7,int64,Metrica de matricula en subcategoria especifica del dataset.,0,16694,338,403,1
resumen_matricula_2024,MAT_HOM_8,int64,Metrica de matricula en subcategoria especifica del dataset.,0,16694,54,113,1
resumen_matricula_2024,MAT_HOM_INT,int64,Metrica de matricula en subcategoria especifica del dataset.,0,16694,212,32,0
resumen_matricula_2024,MAT_HOM_TOT,int64,Metrica de matricula en subcategoria especifica del dataset.,0,16694,896,516,1
resumen_matricula_2024,MAT_INT_TOTAL,int64,Metrica de matricula en subcategoria especifica del dataset.,0,16694,303,50,0
resumen_matricula_2024,MAT_MUJ_1,int64,Metrica de matricula en subcategoria especifica del dataset.,0,16694,166,0,1
resumen_matricula_2024,MAT_MUJ_2,int64,Metrica de matricula en subcategoria especifica del dataset.,0,16694,604,0,1
resumen_matricula_2024,MAT_MUJ_3,int64,Metrica de matricula en subcategoria especifica del dataset.,0,16694,61,0,1
resumen_matricula_2024,MAT_MUJ_4,int64,Metrica de matricula en subcategoria especifica del dataset.,0,16694,125,0,1
resumen_matricula_2024,MAT_MUJ_5,int64,Metrica de matricula en subcategoria especifica del dataset.,0,16694,419,0,1
resumen_matricula_2024,MAT_MUJ_6,int64,Metrica de matricula en subcategoria especifica del dataset.,0,16694,163,0,1
resumen_matricula_2024,MAT_MUJ_7,int64,Metrica de matricula en subcategoria especifica del dataset.,0,16694,307,219,1
resumen_matricula_2024,MAT_MUJ_8,int64,Metrica de matricula en subcategoria especifica del dataset.,0,16694,46,105,1
resumen_matricula_2024,MAT_MUJ_INT,int64,Metrica de matricula en subcategoria especifica del dataset.,0,16694,163,18,0
resumen_matricula_2024,MAT_MUJ_TOT,int64,Metrica de matricula en subcategoria especifica del dataset.,0,16694,910,324,1
resumen_matricula_2024,MAT_NAC,int64,Metrica de matricula en subcategoria especifica del dataset.,0,16694,5,3,0
resumen_matricula_2024,MAT_NB_5,int64,Metrica de matricula en subcategoria especifica del dataset.,0,16694,2,0,0
resumen_matricula_2024,MAT_NB_INT,int64,Metrica de matricula en subcategoria especifica del dataset.,0,16694,1,0,0
resumen_matricula_2024,MAT_NB_TOT,int64,Metrica de matricula en subcategoria especifica del dataset.,0,16694,2,0,0
resumen_matricula_2024,MAT_NO_ETNIA,int64,Metrica de matricula en subcategoria especifica del dataset.,0,16694,1429,585,0
resumen_matricula_2024,MAT_SI_1,int64,Metrica de matricula en subcategoria especifica del dataset.,0,16694,2,0,1
resumen_matricula_2024,MAT_SI_2,int64,Metrica de matricula en subcategoria especifica del dataset.,0,16694,2,0,1
resumen_matricula_2024,MAT_SI_4,int64,Metrica de matricula en subcategoria especifica del dataset.,0,16694,2,0,1
resumen_matricula_2024,MAT_SI_5,int64,Metrica de matricula en subcategoria especifica del dataset.,0,16694,2,0,1
resumen_matricula_2024,MAT_SI_6,int64,Metrica de matricula en subcategoria especifica del dataset.,0,16694,2,0,0
resumen_matricula_2024,MAT_SI_INT,int64,Metrica de matricula en subcategoria especifica del dataset.,0,16694,2,0,0
resumen_matricula_2024,MAT_SI_TOT,int64,Metrica de matricula en subcategoria especifica del dataset.,0,16694,2,0,1
resumen_matricula_2024,MAT_TOTAL,int64,Matricula total de estudiantes del establecimiento.,0,16694,1487,840,1
resumen_matricula_2024,NOMBRE_SLEP,str,Nombre del SLEP asociado (si aplica).,15550,1144,15,CHINCHORRO,0
resumen_matricula_2024,NOM_COM_RBD,string,Nombre de comuna del establecimiento.,0,16694,346,ARICA,1
resumen_matricula_2024,NOM_DEPROV_RBD,string,Nombre del departamento provincial de educacion.,0,16694,42,ARICA,1
resumen_matricula_2024,NOM_RBD,string,Nombre del establecimiento educacional.,0,16694,15320,LICEO POLITECNICO ARICA,1
resumen_matricula_2024,NOM_REG_RBD_A,string,Nombre/abreviatura de region del establecimiento.,0,16694,16,AYP,1
resumen_matricula_2024,RBD,int64,Rol Base de Datos del establecimiento educacional.,0,16694,16694,1,1
resumen_matricula_2024,RURAL_RBD,string,Indicador de ruralidad del establecimiento.,0,16694,2,0,1
resumen_matricula_2024,SLEP,float64,Codigo SLEP asociado al establecimiento (si aplica).,15550,1144,15,5.0,0
resumen_matricula_2025,AGNO,Int64,Anio del registro.,0,16768,1,2025,1
resumen_matricula_2025,COD_COM_RBD,int64,Codigo de comuna del establecimiento.,0,16768,346,15101,1
resumen_matricula_2025,COD_DEPE,int64,Codigo de dependencia administrativa (nivel general).,0,16768,6,6,1
resumen_matricula_2025,COD_DEPE2,string,Codigo de dependencia administrativa (clasificacion oficial).,0,16768,5,5,1
resumen_matricula_2025,COD_DEPROV_RBD,int64,Codigo del departamento provincial de educacion.,0,16768,42,151,1
resumen_matricula_2025,COD_PRO_RBD,int64,Codigo de provincia del establecimiento.,0,16768,56,151,1
resumen_matricula_2025,COD_REG_RBD,int64,Codigo de region del establecimiento.,0,16768,16,15,1
resumen_matricula_2025,CUR_COMB_01,int64,Cantidad de cursos combinados en subcategoria especifica.,0,16768,3,0,1
resumen_matricula_2025,CUR_COMB_02,int64,Cantidad de cursos combinados en subcategoria especifica.,0,16768,6,0,1
resumen_matricula_2025,CUR_COMB_TOT,int64,Cantidad de cursos combinados en subcategoria especifica.,0,16768,7,0,1
resumen_matricula_2025,CUR_SIM_01,int64,Cantidad de cursos simples en subcategoria especifica.,0,16768,19,0,1
resumen_matricula_2025,CUR_SIM_02,int64,Cantidad de cursos simples en subcategoria especifica.,0,16768,53,0,1
resumen_matricula_2025,CUR_SIM_03,int64,Cantidad de cursos simples en subcategoria especifica.,0,16768,14,0,1
resumen_matricula_2025,CUR_SIM_04,int64,Cantidad de cursos simples en subcategoria especifica.,0,16768,34,0,1
resumen_matricula_2025,CUR_SIM_05,int64,Cantidad de cursos simples en subcategoria especifica.,0,16768,43,0,1
resumen_matricula_2025,CUR_SIM_06,int64,Cantidad de cursos simples en subcategoria especifica.,0,16768,26,0,1
resumen_matricula_2025,CUR_SIM_07,int64,Cantidad de cursos simples en subcategoria especifica.,0,16768,41,29,1
resumen_matricula_2025,CUR_SIM_08,int64,Cantidad de cursos simples en subcategoria especifica.,0,16768,14,14,1
resumen_matricula_2025,CUR_SIM_TOT,int64,Cantidad de cursos simples en subcategoria especifica.,0,16768,88,43,1
resumen_matricula_2025,DGV_RBD,string,Digito verificador del RBD.,0,16768,10,9,1
resumen_matricula_2025,ESTADO_ESTAB,string,Estado del establecimiento (funcionamiento/receso/cerrado u otro).,0,16768,4,1,1
resumen_matricula_2025,MAT_CHI,int64,Metrica de matricula en subcategoria especifica del dataset.,0,16768,1403,781,0
resumen_matricula_2025,MAT_ENS_1,int64,Metrica de matricula en subcategoria especifica del dataset.,0,16768,274,0,1
resumen_matricula_2025,MAT_ENS_2,int64,Metrica de matricula en subcategoria especifica del dataset.,0,16768,1003,0,1
resumen_matricula_2025,MAT_ENS_3,int64,Metrica de matricula en subcategoria especifica del dataset.,0,16768,106,0,1
resumen_matricula_2025,MAT_ENS_4,int64,Metrica de matricula en subcategoria especifica del dataset.,0,16768,245,0,1
resumen_matricula_2025,MAT_ENS_5,int64,Metrica de matricula en subcategoria especifica del dataset.,0,16768,676,0,1
resumen_matricula_2025,MAT_ENS_6,int64,Metrica de matricula en subcategoria especifica del dataset.,0,16768,255,0,1
resumen_matricula_2025,MAT_ENS_7,int64,Metrica de matricula en subcategoria especifica del dataset.,0,16768,471,862,1
resumen_matricula_2025,MAT_ENS_8,int64,Metrica de matricula en subcategoria especifica del dataset.,0,16768,63,224,1
resumen_matricula_2025,MAT_ETNIA,int64,Metrica de matricula en subcategoria especifica del dataset.,0,16768,362,307,0
resumen_matricula_2025,MAT_EXT,int64,Metrica de matricula en subcategoria especifica del dataset.,0,16768,382,303,0
resumen_matricula_2025,MAT_HOM_1,int64,Metrica de matricula en subcategoria especifica del dataset.,0,16768,162,0,1
resumen_matricula_2025,MAT_HOM_2,int64,Metrica de matricula en subcategoria especifica del dataset.,0,16768,608,0,1
resumen_matricula_2025,MAT_HOM_3,int64,Metrica de matricula en subcategoria especifica del dataset.,0,16768,81,0,1
resumen_matricula_2025,MAT_HOM_4,int64,Metrica de matricula en subcategoria especifica del dataset.,0,16768,160,0,1
resumen_matricula_2025,MAT_HOM_5,int64,Metrica de matricula en subcategoria especifica del dataset.,0,16768,418,0,1
resumen_matricula_2025,MAT_HOM_6,int64,Metrica de matricula en subcategoria especifica del dataset.,0,16768,183,0,1
resumen_matricula_2025,MAT_HOM_7,int64,Metrica de matricula en subcategoria especifica del dataset.,0,16768,342,548,1
resumen_matricula_2025,MAT_HOM_8,int64,Metrica de matricula en subcategoria especifica del dataset.,0,16768,57,130,1
resumen_matricula_2025,MAT_HOM_INT,int64,Metrica de matricula en subcategoria especifica del dataset.,0,16768,213,53,0
resumen_matricula_2025,MAT_HOM_TOT,int64,Metrica de matricula en subcategoria especifica del dataset.,0,16768,893,678,1
resumen_matricula_2025,MAT_INT_TOTAL,int64,Metrica de matricula en subcategoria especifica del dataset.,0,16768,315,74,0
resumen_matricula_2025,MAT_MUJ_1,int64,Metrica de matricula en subcategoria especifica del dataset.,0,16768,160,0,1
resumen_matricula_2025,MAT_MUJ_2,int64,Metrica de matricula en subcategoria especifica del dataset.,0,16768,598,0,1
resumen_matricula_2025,MAT_MUJ_3,int64,Metrica de matricula en subcategoria especifica del dataset.,0,16768,67,0,1
resumen_matricula_2025,MAT_MUJ_4,int64,Metrica de matricula en subcategoria especifica del dataset.,0,16768,124,0,1
resumen_matricula_2025,MAT_MUJ_5,int64,Metrica de matricula en subcategoria especifica del dataset.,0,16768,432,0,1
resumen_matricula_2025,MAT_MUJ_6,int64,Metrica de matricula en subcategoria especifica del dataset.,0,16768,158,0,1
resumen_matricula_2025,MAT_MUJ_7,int64,Metrica de matricula en subcategoria especifica del dataset.,0,16768,309,314,1
resumen_matricula_2025,MAT_MUJ_8,int64,Metrica de matricula en subcategoria especifica del dataset.,0,16768,48,94,1
resumen_matricula_2025,MAT_MUJ_INT,int64,Metrica de matricula en subcategoria especifica del dataset.,0,16768,168,21,0
resumen_matricula_2025,MAT_MUJ_TOT,int64,Metrica de matricula en subcategoria especifica del dataset.,0,16768,894,408,1
resumen_matricula_2025,MAT_NAC,int64,Metrica de matricula en subcategoria especifica del dataset.,0,16768,4,2,0
resumen_matricula_2025,MAT_NO_ETNIA,int64,Metrica de matricula en subcategoria especifica del dataset.,0,16768,1361,779,0
resumen_matricula_2025,MAT_SI_1,int64,Metrica de matricula en subcategoria especifica del dataset.,0,16768,2,0,1
resumen_matricula_2025,MAT_SI_2,int64,Metrica de matricula en subcategoria especifica del dataset.,0,16768,2,0,1
resumen_matricula_2025,MAT_SI_4,int64,Metrica de matricula en subcategoria especifica del dataset.,0,16768,2,0,1
resumen_matricula_2025,MAT_SI_5,int64,Metrica de matricula en subcategoria especifica del dataset.,0,16768,2,0,1
resumen_matricula_2025,MAT_SI_6,int64,Metrica de matricula en subcategoria especifica del dataset.,0,16768,1,0,0
resumen_matricula_2025,MAT_SI_INT,int64,Metrica de matricula en subcategoria especifica del dataset.,0,16768,2,0,0
resumen_matricula_2025,MAT_SI_TOT,int64,Metrica de matricula en subcategoria especifica del dataset.,0,16768,2,0,1
resumen_matricula_2025,MAT_TOTAL,int64,Matricula total de estudiantes del establecimiento.,0,16768,1479,1086,1
resumen_matricula_2025,NOMBRE_SLEP,str,Nombre del SLEP asociado (si aplica).,10281,6487,26,CHINCHORRO,0
resumen_matricula_2025,NOM_COM_RBD,string,Nombre de comuna del establecimiento.,0,16768,346,ARICA,1
resumen_matricula_2025,NOM_DEPROV_RBD,string,Nombre del departamento provincial de educacion.,0,16768,42,ARICA,1
resumen_matricula_2025,NOM_RBD,string,Nombre del establecimiento educacional.,0,16768,15392,LICEO POLITECNICO ARICA,1
resumen_matricula_2025,NOM_REG_RBD_A,string,Nombre/abreviatura de region del establecimiento.,0,16768,16,AYP,1
resumen_matricula_2025,RBD,int64,Rol Base de Datos del establecimiento educacional.,0,16768,16768,1,1
resumen_matricula_2025,RURAL_RBD,string,Indicador de ruralidad del establecimiento.,0,16768,2,0,1
resumen_matricula_2025,SLEP,float64,Codigo SLEP asociado al establecimiento (si aplica).,10281,6487,26,5.0,0
